efehann0,c95ae887-a69e-381f-acc9-5fe49458bea0
cinxr,9013ff25-4da3-3ba8-98f6-973a97f7caf5
yucerexoz,e0e509d8-3719-38ac-960a-36fc6b296d6b
berkayreyiz,057cb1d7-6f98-3030-a8ba-295994840c92
yunusreizz,d7ff2e56-c11d-3e19-8520-1f44fab103af
bxkay,ce76cc14-89ff-3b05-9cc1-9b0ef26eeac7
yesiltuborg,90835aa7-3001-3dfe-868e-ccaf9147583f
kafeintr,0270f207-f8e3-3c17-8c91-5b22b6066cb2
kurtxenon,fda06e01-827a-3c7a-bedb-9166677a6751
sacremental,9ed9b082-f1e2-3ee9-b3cb-45e78fe046fa
speltura,15db62b4-25db-354b-b275-05c354e335d6
yagobaba,f3211d0f-5032-3fbd-b420-7518bf4e58b6
sarituborg,f9c9c3ef-7aa1-3ff0-b4d0-7a74199f1cc8
insaneplayer8,92872b7b-58d9-3653-9e7a-28fff43c6b94
moreoss,164cd667-f57d-3c52-9022-83e9320f0d2d
